date,title,link,content
Thu Apr 29,'Corrigendum I' for the EoI for KIIDC project',"[{'url': 'https://ktu.edu.in/eu/att/attachments.htm?download=file&id=%2FsqPe19mO%2FL2oVAHX5jCxz3FELCXT9nAzKry59N6oHU%3D&announcementId=JnRl3SGE4YFM1xScJxpHzlj4klNQ5aqDxv2GLjEGCz4%3D&fileName=Corrigendum-1(EOI).pdf&downloadType=XZQoQuenx%2B146yUC2jYSnJT74yUSkcfoFCgIsmbmpAs%3D', 'text': 'Details'}]",""
Thu Apr 29,"""KSCSTE- National Technology Day Celebration in association with KTU - Webinar series""","[{'url': 'https://tinyurl.com/technologydaycelebrations', 'text': 'Registration Link'}, {'url': 'https://ktu.edu.in/eu/att/attachments.htm?download=file&id=jGV9JpgOhr2oyiiNXzy4VtsMKaBfzEm1CHVd5QgUoxs%3D&announcementId=UGeWa265dWbt19XMOiBKQ2MO7nLe69dHJcgkPdg0%2Bh0%3D&fileName=NTDposter_final.pdf&downloadType=bARgbOElbKHjr3gt1UlF6BrZi3fC6QT3R5VS2OdJerg%3D', 'text': 'Details'}]"," Kerala State Council for Science, Technology, and Environment in association with APJ Abdul Kalam Technological University organises TECH WEBINAR SERIES in connection with NATIONAL TECHNOLOGY DAY CELEBRATIONS -2021.  A 40 minutes talk and 20 minutes discussion on various topics by five eminent persons from industry and academics is organised on 11th, 12th, 14th 17th and 18th of May 2121.  All faculty members, research scholars and students of APJAKTU are requested to register using the link.  Further details on the program will be mailed to you.
                        				                        					
                            			 		
                            		 		"
Mon Apr 26,"Revaluation result published - B.Tech S1,S2 (S), S3 (S) and S6 (S) Sept 2020 examinations","[{'url': 'https://ktu.edu.in/eu/att/attachments.htm?download=file&id=FQXPga7s%2B8kT94oiAuNQXFD6lUKMqC81DK7cDIAV%2Fz8%3D&announcementId=zJhO4%2FM7HqD4DB0ky0khJvtV3DZhpEFwry2JoAbk62w%3D&fileName=Notif-RVB.TechS6SS3SS1,S2SS20.pdf&downloadType=JpvY44agrDpff3V7rONCdGMySPI2a%2BbSRDPHPyajQeQ%3D', 'text': 'Notification'}]"," It is hereby notified that the revaluation results of B.Tech S6 (S) Exam Sept 2020, B.Tech S3 (S) Exam Sept 2020 and  B.Tech S1,S2 (S) Exam Sept  2020 (2015 scheme) are published. The detailed results are available in Student and College login. Due to the current situation of Covid-19, the revaluation of some answer books are delayed beyond expected completion dates. About 80% of revaluation results are published herewith and the remainder will be available as soon as the revaluation is completed. Students will be notified of their revaluation result publication in their registered email ID. All revaluation results of these examinations will be published within one month."
Mon Apr 26,"""Colleges which have submitted EoI for KSITM Mapathon project being facilitated by KTU""","[{'url': 'https://ktu.edu.in/eu/att/attachments.htm?download=file&id=KAnFn6OX3jsZzzBGbmRDZBZCnZeul2veHJnFqis1IZM%3D&announcementId=ayfddDA5DJUhwPlqlb8m3eAf1lTgktDMeipz1qVzqHM%3D&fileName=EoI_Colleges_KSITM.pdf&downloadType=YfJkUr54g1g1yPI0OmhEbJOnjInPCqDVqq1Fvy%2FYNFo%3D', 'text': 'Details'}]",""
Mon Apr 26,Course extension granted to 2015 UG admission students,"[{'url': 'https://ktu.edu.in/eu/att/attachments.htm?download=file&id=wiI7IR0CNlX2lnBDwQM02D6klwPMl7JdlJdaeEou6sg%3D&announcementId=YnSsfBpb27hB8zxUtc5ijsd%2F0uPCVu8rmH7ouXyjAqA%3D&fileName=CourseExtension-2015Admission-U.O.pdf&downloadType=PUod%2F2TvnpNS7tL8lluV9syo9iTXSAyzTTGJEMQcu0I%3D', 'text': 'Course extension granted to 2015 UG admission students'}]"," Course extension granted to 2015 UG admission students"
Mon Apr 26,Academic - Participation of Private Engineering Colleges in SDPK project requested by KSITL- Circular issued - Reg;,"[{'url': 'https://ktu.edu.in/eu/att/attachments.htm?download=file&id=mB8rM%2FXC2eqCxwUpfLhZx3LL4WsveHJgBCguPCxXiNk%3D&announcementId=rRUTUsMTsekHh5KrQ4OJSgCVUEDNrghn4RnH%2FhvVHvA%3D&fileName=KTU-ASST(ACADEMIC)-3230-2020KSITICircular.pdf&downloadType=nyv%2FzYm5X98DKOfvCuGDn7F6QpNMhTGrUZQPtmeaYYA%3D', 'text': 'Circular'}]","                        			 		                            		 		                            		 	                            		 		
                            		 		
                        				                        			
"
Mon Apr 26,Academic - Placement and Internship activities of ASAP Kerala - Intimated - Reg,"[{'url': 'https://ktu.edu.in/eu/att/attachments.htm?download=file&id=X0TWfqh3BWhBPNuF9uSIKhQiZJ1gyDI5FvtImUk%2B8R4%3D&announcementId=WQTViTgq7DzI1V9a5DgP6ZoszA%2Fk1G8hM%2F2FlvPgRow%3D&fileName=KTU-ASST(ACADEMIC)-3230-2020ASAPCircular.pdf&downloadType=a%2B4ggto%2BZCUBszY9GltdKLT9nwyXqaPwteD%2F46RBFeg%3D', 'text': 'Circular'}]",""
Mon Apr 26,"""Project Walkthrough - KIIDC Project""","[{'url': 'https://ktu.edu.in/eu/att/attachments.htm?download=file&id=IKOV4Pyue%2FJ%2BB3tCTnKF%2BSnsuKo5EuoPyp76%2FspA3p8%3D&announcementId=U1sadIiFH0TukYhHqGjXngV%2FG4cMMI%2BGw2xDaoeyL1s%3D&fileName=ProjectWalkthrough_Details.pdf&downloadType=KqOFUQDUsDfeXCIOS09uk5pfUDxIyhI4gBWYxIAPeGY%3D', 'text': 'Details'}]",""
Mon Apr 26,"Result published - PhD Even Semester Exams May 2020 (KLM, KNR and THR clusters)","[{'url': 'https://ktu.edu.in/eu/att/attachments.htm?download=file&id=2W%2BQLK4iqh7n%2FKpE7Do6S%2FVEE2RTI1CZnUtld3zfcLg%3D&announcementId=4aRnrvKv9k5J1rE5qvz9ZA2LD5hDg28QfHJ0Fu0uFyc%3D&fileName=Notif-PhDresult-May2020-KLLM,THR,KNR.pdf&downloadType=j4AjU4IG0IUbinFQ5K4TrOe98z%2FQR58jsZj7uTP8exs%3D', 'text': 'Notification'}]"," This is to notify that the results of Ph.D Even Semester Examinations May 2020 (Kollam, Thrissur and Kannur Clusters) are published herewith. Details of the results are available in the student login."
Sat Apr 24,"The Academic Calendar for B.Tech S6, BHMCT S6, B.Arch S8, B.Arch S6, MCA S4, Integrated MCA S4/S6/S8","[{'url': 'https://ktu.edu.in/eu/att/attachments.htm?download=file&id=kysefvcvVue4EpXEJpmSExQHWWatgnYVOVtTDy0fQIw%3D&announcementId=jdIvHRdsgy8Qf5Rsa3aaI6ZmzNkz0HA5fJPZouddl7A%3D&fileName=KTU-DIRECTOR(ACADEMIC)-1063-2019(2).pdf&downloadType=E8qU6gg3w2iDFhqcejlKnk5RofkE%2FqXJYu5KxBg3JsM%3D', 'text': 'Notification'}]"," The Academic Calendar for B.Tech S6, BHMCT S6, B.Arch S8, B.Arch S6, MCA S4, Integrated MCAS4/S6/S8 is published herewith."
Thu Apr 22,Commencement of lower semester UG and PG classes different programmes: rescheduling of academic activities due to the postponement of examinations-order- regarding.,"[{'url': 'https://ktu.edu.in/eu/att/attachments.htm?download=file&id=e9PNwQ4cMq%2But%2BbQK%2Fl4%2FI%2FGUwq6q4Fwy6SerDfBvyg%3D&announcementId=RlG5FVuiaZJQE435SZG%2FwN5evI%2FKp9aDPlezRpf%2FHQU%3D&fileName=671-2021-KTU.pdf&downloadType=qJAsbHiVQpiM9kIniNIRZ0saq8rVvAS5gsyh1bZ%2B%2ByA%3D', 'text': 'Order'}]",""
Thu Apr 22,Extension of Last Date for submission of EoI for KSITM project being facilitated by KTU,"[{'url': 'https://ktu.edu.in/eu/att/attachments.htm?download=file&id=woeb6o3OGWjsWkAgFO67S4v0uuLD0GkGsAuzici%2FNUg%3D&announcementId=98JF3LXHr1SjVSNrmtEJBPqKlsKQ%2Bjs9i92NaG014cc%3D&fileName=ExtensionofLastDateforsubmissionofEoIforKSITMMapathonproject.docx&downloadType=r15tDbynoc96PE21jSgDRaD8jwCiMpC6j3iA1%2FI3z1Y%3D', 'text': 'Details'}]"," Please be informed that the last date/ time for submission of EoI from interested colleges for KSITM Mapathon project, being facilitated by KTU has been extended to Monday, April 26th by 3 pm. "
Wed Apr 21,Call for EoI -KTU Facilitated project of KIIDC,"[{'url': 'https://ktu.edu.in/eu/att/attachments.htm?download=file&id=%2FzVSESmQEgWW%2FQpd3ZU%2FmNjelUKBwfqEoBjRyLXCMh0%3D&announcementId=Eq4eV7RbEjqMzeSaneQMhim0T4rzUQP%2F2FJKc3oo37E%3D&fileName=EoI_KIIDCproject_KTUcolleges.pdf&downloadType=d5LyQer8RCOTgH9q5YhAcGJkBPzVcZhcO99Agu19s2g%3D', 'text': 'Details'}]",""
Wed Apr 21,"Session on ""Importance of making industries and institutions Carbon Neutral""","[{'url': ' https://tinyurl.com/ktucarbon-neutral', 'text': 'Registration Link'}, {'url': 'https://ktu.edu.in/eu/att/attachments.htm?download=file&id=h96DXDDJPgodPf4Sdo92N%2FUhgeFShWKIdFWayD4nPrA%3D&announcementId=OBX4IcVCgNnopbaZ0HGmCMEt2ZGVn4clFusguQx9Uwk%3D&fileName=MakingIndustriesInstitutionsCarbonNeutral_APJAKTU.pdf&downloadType=GVj%2BR9%2BL7NcX1DyQBGEatruQ7YBBSwDoNXargMV99g4%3D', 'text': 'Details'}]","Prof. Sukesh A,Assistant Professor Electrical & Electronics Engg. &Coordinator, CESEE,Govt College of Engineering Kannur.
Dr. Rajasree M.S,Honorable Vice Chancellor,APJ Abdul Kalam Technological University
Mr. Kumaraswamy Chandrashekara,Head - Sustainability, BSI India."
Wed Apr 21,Valuation Status - B.Tech Examinations,"[{'url': 'https://ktu.edu.in/eu/att/attachments.htm?download=file&id=cEEUfh8xj73LFAHsR3pz%2BxEfW5hwQG8L0Z8YYMCMy9U%3D&announcementId=orW%2BTsfQyVh1hQkZexf9OWuukydP6opWqFoLNBrQOl8%3D&fileName=Valuationstatus-B.Tech20.04(2).pdf&downloadType=M9FtyYMcRy%2F%2FUaY6a%2BzJsUmPj5mufa6GYtWhC3xe2lI%3D', 'text': 'Valuation status'}]"," Valuation status and tentative date of result publishing of B.Tech Examinations held during February to April 2021 is published herewith for the information of all concerned."
Tue Apr 20,Mentoring Program for Fulbright applicants 2022-2023,"[{'url': 'https://ktu.edu.in/eu/att/attachments.htm?download=file&id=YCShrlBPB7XWpn9MTd97lvn5GKjaN4O%2BZjkJNhZ0nAI%3D&announcementId=r9Auxt%2BwjWoG5b%2BSbHEhFmd%2Bku2OGEBsC%2F02qSfe2ao%3D&fileName=Informationsessions.pdf&downloadType=uBWSBqc2Tyw0QS6rRbWd6Fs7rsg6ozzMQpIz6x0eiAw%3D', 'text': 'Details'}]",""
Mon Apr 19,Result published -MCA Integrated S1 (S) Exam Dec 2020,"[{'url': 'https://ktu.edu.in/eu/att/attachments.htm?download=file&id=6CEnl22cB7HoGy1HTzk1XKni%2BJAFNVSOpVNgd8tyGfU%3D&announcementId=ROvOcU7iyAD4wbzb4BOEATIerK55UaegrbUdkEG4pew%3D&fileName=KTU-EX-V--3-2712-2019.pdf&downloadType=Y1o9huiwooa%2BzhkJEFUvt3jPi4FwrRrjFAH8dMEu4zg%3D', 'text': 'Notification'}]"," The result of MCA Integrated S1 (S) Exam Dec 2020 is published herewith. The detailed result is available in student and college login."
Mon Apr 19,Call for EoI from affiliated colleges - KSITM project being facilitated by KTU,"[{'url': 'https://ktu.edu.in/eu/att/attachments.htm?download=file&id=AxW6S2KwP7jfOF%2F83ytRSLpHuFzy5ic7M%2BO1m6vDzho%3D&announcementId=TR3a%2BE2Za5qeIoGgjGQETQkDa63tS4whNTuHwFujNBM%3D&fileName=IAC.docx&downloadType=bgfOu6l2DQ%2FC%2FB1JyRm9vkL408EfiTUnRC46phjPdwQ%3D', 'text': 'KSITM Project Opportunity '}, {'url': 'https://ktu.edu.in/eu/att/attachments.htm?download=file&id=BNQxkNQrrzLBZgvnaR27aOSjs4oBymFgodnkNv9E9Nw%3D&announcementId=d8dRtUJwCpq3mGQS70062OzGKp1M%2FvZfSCuX4Cka6Gs%3D&fileName=LettertoIndustryCellKTU.pdf&downloadType=%2FGXuCWU3whw9i2lKltOQ%2Fsz8ntENlBFtcl2QKri3n6w%3D', 'text': 'Project Details'}, {'url': 'https://ktu.edu.in/eu/att/attachments.htm?download=file&id=DDsbPmjzODRzdoFX7%2FW7yxEKByxTrVBwec4EEbFFw2M%3D&announcementId=f3kJm6i%2BkRuwNl%2BDuRYZ72fKkkNR5pvkkVzvXl%2FXrbU%3D&fileName=OSMEntities.docx&downloadType=QG19LunWDiEHbQltXYyuSX7p6wBPPbkwSnoxt80GFmk%3D', 'text': 'OSM Entitie'}, {'url': 'https://ktu.edu.in/eu/att/attachments.htm?download=file&id=vyDAJ6iWu1piHCHhjevV4ELfn6wzm2el9IcAdGT0QW0%3D&announcementId=4wWfmqJkIyNesJVrbJZ2%2FwdGRfpP6rtuPpRSV2L7040%3D&fileName=KSITMProject_Queries_April13.xlsx&downloadType=5fTkQ0hrpp2yf8vSJezJwyF8283UwmZ6%2BBW%2FTjdtlPY%3D', 'text': 'KSITM Project  _ Queries'}, {'url': 'https://ktu.edu.in/eu/att/attachments.htm?download=file&id=JuFE4cTa7DfSEXUmx3OGCnxTjQHlClk%2FDy5ZUCBlN20%3D&announcementId=X1dMcg85pLakjaO5qbgPs25Vb38%2FRPDqBktwy2GNGYQ%3D&fileName=EoITemplate_mapathonproject.docx&downloadType=LB66WXEoff9kS7pjLjAY85NCMcROfRxQFgNsOb3HpVo%3D', 'text': 'Expression of Interest (EoI) Template'}]","                        				                        				                        				                            				
                            			 		                            		 		                            		 	                            		 		
KSITM Project Opportunity 
                            		 		
                        				                        				                            				
                            			 		                            		 		                            		 	                            		 		
                            		 		
                        				                        				                            				
                            			 		                            		 		                            		 	                            		 		
                            		 		
                        				                        				                            				
                            			 		                            		 		                            		 	                            		 		
                            		 		
                        				                        				                            				
                            			 		                            		 		                            		 	                            		 		
Expression of Interest (EoI) Template
                            		 		
                        				                        			
"
Sun Apr 18,Examinations postponed - Notification,"[{'url': 'https://ktu.edu.in/eu/att/attachments.htm?download=file&id=5MGMg5niTmHjcicYd1PevTH4d2XqcrCEUWg4CZCsHU8%3D&announcementId=DXH4JW4y%2Bq140WFPsPclOGi2BUX8Y2071OoLcT31Pc0%3D&fileName=Notificaiton-exampostponed.pdf&downloadType=tpvUqOlisYWFe%2FDGamlgG4dCt9ZVcWCS1LXPmsfvRcM%3D', 'text': 'Notification'}]"," In view of the directions from the Hon'ble Chancellor and considering the representations from student organisations, Hon'ble Vice Chancellor has directed to postpone all scheduled examinations of APJ Abdul Kalam Technological University."
Sun Apr 18,Circular - Conduct of Exams - Guidelines to be followed,"[{'url': 'https://ktu.edu.in/eu/att/attachments.htm?download=file&id=9cpDQBprNdf0%2FEdn1qxjBhdM%2BF1xDnaOVDUEOR17iU8%3D&announcementId=h7x7jR%2BORaKA8E76%2FydgLTe2Lv8XswNvxMxo9CyG9t8%3D&fileName=Circualr-conductofexam-covidsitn..pdf&downloadType=6Dc8KKYiVQTBuwiYtyYKf0CBeFUB1XJ9fjN02rINi2k%3D', 'text': 'Circular'}]"," Please download attached Circular regarding conduct of Exams and Guidelines to be followed"
Sat Apr 17,Visiting allowed only with prior permission-Notification-reg.,"[{'url': 'https://ktu.edu.in/eu/att/attachments.htm?download=file&id=B0U3rCn4fE4wYMV7CjJOr4sLZDdYB9UlTL8pjBhojjw%3D&announcementId=SRdxQft0%2FQAxEhPkCnkp4dgH91jd%2Fl78kbNZMzcemzg%3D&fileName=Notification-Visit.pdf&downloadType=qf9KlYfJbVVzYqohYSj4CNnH73BfaWvrydzQ994LPtQ%3D', 'text': 'Notification'}]"," Visiting the university is allowed only with prior permission. Please find the notification attached herewith."
Fri Apr 16,"Detailed Time Table of B.Des S.1(R,S) Examinations, December 2020 - Notification - reg:","[{'url': 'https://ktu.edu.in/eu/att/attachments.htm?download=file&id=J0UxHUchCJflNE18CDdhfGJ4NknOb%2BmsObrKuedVNys%3D&announcementId=eXD1wV1jokwGSwQv7a7x2q8TqYvhcPl3oaVI%2BkdsFvU%3D&fileName=KTU-EX-II--1-5300-2018(1).pdf&downloadType=orLPuOOD3A9RtoUcuUgj0CSdHZMW%2BJMKeT171UX%2B8Kg%3D', 'text': 'Notification'}]","                        				                        				                        				                            				"
Fri Apr 16,Time duration regarding the conduct of 1st Semester B.Arch/B.Des/BHMCT/ M.Arch/M.Plan/MCA (Regular/Integrated) Regular and Supplementary Examinations December 2020 - Notification - reg.,"[{'url': 'https://ktu.edu.in/eu/att/attachments.htm?download=file&id=t2HAngfsj92KIRoh%2FlGelpT%2B4B1x8Hn7qLsU%2BUuvbN4%3D&announcementId=4tV4no0G1P9w4G8WfehR%2FuUHD3Igmnf6Wxeu9ySGNyE%3D&fileName=KTU-EX-II--1-5300-2018(2).pdf&downloadType=h%2BL1eKofdtcOdcdLJnB76RGqg8KiSMFYV7t3WtLWxyM%3D', 'text': 'Notification'}]"," It is notified to the attention of all concerned that the First semester B.Arch / B.Des / BHMCT/ M.Arch / M.Plan /MCA (Regular/Integrated) 2020 scheme Regular and Supplementary December 2020 Examinations scheduled tobegin from 19.04.2021 (Monday) onwards will be held from 9.30 am to 12.30 pm."
Thu Apr 15,"Detailed Time Table of B.Tech S1(R,S) Examinations, December 2020 (2019 scheme) (including PTDC) - Notification - reg.","[{'url': 'https://ktu.edu.in/eu/att/attachments.htm?download=file&id=kzVb7rvwpketpalKlnE83dvjCa%2FkafiIA2PcahLBw6k%3D&announcementId=cUeCIZzjSn562qWlJgxHLPabMPW2F7KYaFWhSeE8CZQ%3D&fileName=KTU-EX-II--1-5300-2018.pdf&downloadType=9kh5cIDEuZnzpKXcYDFCTikT9X457vkozp02aIdNooA%3D', 'text': 'Notification'}]","                        				                        				                        				                            				"
Thu Apr 15,Research and Publication Ethics,"[{'url': 'https://ktu.edu.in/eu/att/attachments.htm?download=file&id=%2BMwrzubEVz5mNgKwM3MndRp9TH4y2bxbPLdzdv%2FMyhs%3D&announcementId=pOmOwr0srgILk%2BN8E29JyZrZjQuH18javJesiS9A6z8%3D&fileName=NoticeonReserchPublicationandEthics.pdf&downloadType=%2BrqNG0D4ccw2%2Fs9KAj14JTWePXyjQKtt5ngPbl7Cb0s%3D', 'text': 'Notice'}]"," The Course Code, Evaluation plan and the Question paper pattern for the Ph.D. specific course - Research and Publication Ethics - is created.Please see the attachment for details.Dean (Research)"
Thu Apr 15,"Academic- Request for B.Tech(Honours) Degree , submitted by 19 B.Tech students of 2016-20 batch Civil Engineering of Government Engineering College, Kannur - Sanctioned Credits earned - Orders issued.","[{'url': 'https://ktu.edu.in/eu/att/attachments.htm?download=file&id=yR0%2F%2Fldb97p%2Fl0yS62wXKXS7P%2FnyvevvXnHdqXiHB%2BM%3D&announcementId=fgH%2BZqBYk9AiG%2FNOI%2FRYj6QdsxcAWtHYvsaYKVs0BIg%3D&fileName=U.ONo.6322021KTUdated14042021.pdf&downloadType=ToTIKxQfk0uz0oCWngbwUZJCbuBENoj3fsZLTT7ySDc%3D', 'text': 'Circular'}]","                        				                        				                        				                            				"
Wed Apr 14,There is no change in  University examinations already scheduled.,[]," There is no change in  University examinations already scheduled. All examinations will be conducted as per the published  time tables.
                        				                        				                        			
"
Tue Apr 13,"Session on ""Fulbright Fellowship Opportunities for Faculty Members, Researchers and Academic Administrators""","[{'url': ' https://tinyurl.com/ktufulbright', 'text': 'Registration Link'}, {'url': 'https://ktu.edu.in/eu/att/attachments.htm?download=file&id=%2BOYAs%2Fk%2F01G7VaoJv6gXmTW3JKGeWn3dUOgF7SQaCyQ%3D&announcementId=DaS4xwWvzvjDbHJtzWaGf2zOyLKGHkZ3PcHbZFEOrPk%3D&fileName=Flyer_Fulbright_Session_ktu.pdf&downloadType=NL7sh10fyXyFAoIb3Iv7%2FjNoyRhmcY%2BWmiLIeZOBCFQ%3D', 'text': 'Details'}]","Dr. Shalij P.R.,Dean Research,APJ Abdul Kalam Technological University
Dr. Rajasree M.S,Honorable Vice Chancellor,APJ Abdul Kalam Technological University
Ms. Maya Sundararajan,Regional Officer,United States - India Educational Foundation (USIEF)"
Mon Apr 12,"Examination centre change request submission  for B.Tech S1 (R,S) Exam Dec 2020 (2019 scheme)  is extended till 13/04/2021",[]," The examination centre change request submission from students login  for B.Tech S1 (R,S) Exam Dec 2020 (2019 scheme)  is extended till 13/04/2021
                        				                        				                        			
"
Mon Apr 12,CERD Student Project - Shortlisted projects for presentation,"[{'url': 'https://ktu.edu.in/eu/att/attachments.htm?download=file&id=ixnaUb966YCueqVwLOzkU1KQwFhfTBcWwzNxuTR%2FfVw%3D&announcementId=YpPHhfjCJWkmOMLc%2BPAq0ysiGLR42gI4I7biuFHFMXw%3D&fileName=SPLISTPUBLISH.pdf&downloadType=%2FOVJBqPouYb6kWybUeiq4WOn9kYCqRrnaPAtab7Nyz4%3D', 'text': 'SP proposals'}]"," List of Student Project (SP) proposals selected for presentation and Schedule of presentation."
Mon Apr 12,"Exam Registration - Notification - B.Tech S1,S2 (S,FE) Exam May 2021 (2015 Scheme)","[{'url': 'https://ktu.edu.in/eu/att/attachments.htm?download=file&id=%2BL7xKBzIYKkrPM1rC5AeDnsoKJ1Ckccr%2F1T5zhkCHqY%3D&announcementId=tEFCrl1GswomK2%2FT0iDAhTqFxK9Yn34q%2FWkhsdhLu7c%3D&fileName=Notif-B.TechS1,S2S,FEMay212015Sch.pdf&downloadType=hHk7BSqHT3cxiikEzf4C0B2q6AYhJgHR75NhxIxVGic%3D', 'text': 'Notification'}]"," It is hereby informed that students having course repeat in B.Tech S1 (2015 scheme) can docourse registration in portal from 11.04.2021, Sunday to 13.04.2021, Tuesday. Registrationcan be done in portal through College login only. Exam name: B.Tech S1,S2 (S,FE) Exam May2021 (2015 scheme). Students shall contact College office for registration."
Mon Apr 12,Circular - B.Tech S3 (2019 scheme) - Conduct of exam of Slot A courses,"[{'url': 'https://ktu.edu.in/eu/att/attachments.htm?download=file&id=BJMrTlafuD5ESOjBPBABB8tFtNxqz3a6cjFjrENQAjg%3D&announcementId=WLyjVhtAJHkjPr68mfGC8fByLqxwiPO62D3RPTQwuEY%3D&fileName=B.TechS3Circular.pdf&downloadType=zVr4sRDtNpKN1fZ%2FDwgPt9kGkHLQSI0Oz3cvaDTzT3E%3D', 'text': 'Circular'}]"," Please download the attached Circular for details regarding conduct of exam of Slot A courses in B.Tech S3 (R) Exam Dec 2020 (2019 scheme)"
Sat Apr 10,Fulfilling of eligibility criteria for admission of students to programmes/courses by the institutions affiliated to the University - Ensuring of -Reg,"[{'url': 'https://ktu.edu.in/eu/att/attachments.htm?download=file&id=aOMqXbQ4O%2BKZa2BaAZ4WQ0gdyvi0w7KUoB4T2Vcv3jw%3D&announcementId=0QM%2B96h7Dydv44i%2B5nwVt%2BlHBmkZy7kAGGrJFW6a480%3D&fileName=KTU-AC1-217-2021(1)(1).pdf&downloadType=3one0F8x6JYT9MsmtsRcOt9NmPZ4DkuScLFbML3V5KM%3D', 'text': 'Circular'}]","                        				                        				                        				                            				"
Thu Apr 08,Result published - B.Tech S2 (PT) Exam Sept 2020,"[{'url': 'https://ktu.edu.in/eu/att/attachments.htm?download=file&id=UVs75zPhvlR0NaB%2Fkz79aO%2FYidUvcyxMKd8cYUFbto0%3D&announcementId=hVdh8PzNJbwI3HMQBgRUNBrQ4eQowfq3KxUmheOvpu0%3D&fileName=Resultnotif-B.TechS2(S)(PT)S20.pdf&downloadType=dQMiIZcXoZrTssTCRUI1FLqNeQpWFxNxWG%2Fu58jiai4%3D', 'text': 'Notification'}]"," It is hereby notified that the result of B.Tech S2 (S) (PT) Exam Sept 2020 is published. The detailed results are available under 'Results' tab of the University website and in Student and College login."
Thu Apr 08,Detailed Time Table of B.Tech S7 (Honours) December 2020 examination - Notification - reg:,"[{'url': 'https://ktu.edu.in/eu/att/attachments.htm?download=file&id=GCInFQ%2FjDAAIIPkgGpoRvR6rg2oJqAutw%2BaRxELi34Y%3D&announcementId=5RFJ3lTabG1%2BIWWkQv1j1xuCaQh0OfHNvKogBGR9lh8%3D&fileName=DetailedTimeTableofB.TechS7(Honours)December2020examination.pdf&downloadType=00TRAf%2B8HIdqYEQI%2FuyW8FjMBoMLZE46ERrWHTD%2BI2o%3D', 'text': 'Notification'}]"," The detailed Time Table of B.Tech S7 (Honours) December 2020 examination, scheduledon 27th April 2021, Tuesday, (9.30am - 12.30pm) is published herewith."
Wed Apr 07,Academic - MOOC courses - Revised guidelines for approval process - Approved - Orders issued - Reg,"[{'url': 'https://ktu.edu.in/eu/att/attachments.htm?download=file&id=mNh8cC%2BGs8%2BSfTC4DpnMO4ZbSB9fqDHgk0ss53jFleI%3D&announcementId=CR0%2FHyKoDYv%2FDErGUdv3wxX61vv2IsfWF28e0jVdSp0%3D&fileName=602-2021-KTUMOOCcoursesrevisedguidelinesforapprovalprocess.pdf&downloadType=Rm7LtnNdWi%2FBU7qmsmuRc6XfmcpqVzhV3gGw0f5jsDE%3D', 'text': 'Circular'}]","                        				                        				                        				                            				"
Wed Apr 07,Examination centre change opened - B.Tech S1 Dec 2020 Exam (2019 scheme),"[{'url': 'https://ktu.edu.in/eu/att/attachments.htm?download=file&id=4iObjzWdo3tAvNr83Nf15rwOqatE1fbHsl6QLBFz%2FUU%3D&announcementId=UCLRuWlC8v99Zecb5qdX0NL9RDCV%2BjzUIjFcGiam%2Bmc%3D&fileName=CentreChange-B..TechS1Dec2020(2019scheme).pdf&downloadType=mfRdB0ljfba3RzQMejO9V9TCr1yd31If9Ro4WFCpfXQ%3D', 'text': 'Notification'}, {'url': 'https://ktu.edu.in/eu/att/attachments.htm?download=file&id=azan3NOrGQRczlYW3VEljZS%2BhJxye3c215A7amEXnmc%3D&announcementId=d70%2BZMN%2BKhDOKtqsAVCkedRbVCIaqeKpTJtxtdnCDAM%3D&fileName=Guidelines-Examcentrechange(4)(3)(1)(3).pdf&downloadType=OE%2BmsyMMTmRTTwC9oEKTMfS3BM%2FcPnclQF3X14phhKA%3D', 'text': 'Guidelines - Centre change'}, {'url': 'https://ktu.edu.in/eu/att/attachments.htm?download=file&id=OWatyBCiygCd0PkVPgxsCNH4zzv3%2FZQnmOdFA60SAC0%3D&announcementId=9MEayaZ%2FD7GkG8aQbWVLmPMpCuEp%2BQA8mEO485vdbVA%3D&fileName=KTU-CenterChangeStudentHelp(2)(1)(1)(3).pdf&downloadType=FsP4ZkaQhYEC0fbmqX5OZmv4nHobHy3LZSMh0jKnVSk%3D', 'text': 'Tutorial for students'}]"," It is hereby notified that students registered for B.Tech S1 (R,S) Dec 2020 (2019 scheme) exam can apply for change of exam centre through student login in KTU portal from 08.04.2021, Thursday to 11.04.2021, Sunday. Download the Notification for more details. Please see the Guidelines before applying through portal.
                            			 		                            		 		                            		 	                            		 		
                            		 		
                        				                        				                            				
                            			 		                            		 		                            		 	                            		 		
Guidelines - Centre change
                            		 		
                        				                        				                            				"
Mon Apr 05,The revised schedule of even semester classes for Academic Year 2020-21 is published herewith.,"[{'url': 'https://ktu.edu.in/eu/att/attachments.htm?download=file&id=8qhW8XZB135pNsSVHZz7xtLUSrO40SXCkNqFBWZ2fYA%3D&announcementId=cp47%2Bkp3KJEIhUfg1%2Bipti9%2FCoWdL7Tfm2xLe7LCNT0%3D&fileName=KTU-DIRECTOR(ACADEMIC)-1063-2019.pdf&downloadType=MSUmdgca9yMtLroYqST3BNYNbMpVHbteZV46qGebxMU%3D', 'text': 'Circular'}]","                        				                        				                        				                            				"
Mon Apr 05,Exam centre change opened - MCA Integrated and MCA (2 Year) S1 Dec 2020 exam,"[{'url': 'https://ktu.edu.in/eu/att/attachments.htm?download=file&id=AcMsT3FQkpm97RZd6QNRekqk%2FjcYZAtVuoNMcC6jNVQ%3D&announcementId=rJdc%2FO77jAcGSA236M5w%2Bj8ju1JxNCzBraN9JAlvX2M%3D&fileName=Guidelines-Examcentrechange(4)(3)(1)(1).pdf&downloadType=a6oURxkJrAt7%2BASb6YesZQhSWROCgSUUYhcYaOPc%2FJw%3D', 'text': 'Guidelines - Centre change'}, {'url': 'https://ktu.edu.in/eu/att/attachments.htm?download=file&id=jBGs4%2BiTeAKcXD6yNlw0f2YFeDGA%2FH7I7QStsmukY0c%3D&announcementId=1c3IRZxWB9nja%2FpgORwGORF3N28TCMi%2B1SZMd%2BfRHuY%3D&fileName=KTU-CenterChangeStudentHelp(2)(1)(1).pdf&downloadType=WyLQF340azIG%2FUDQbIKndWRAI2F0GlhTOTw1ufTwj7A%3D', 'text': 'Tutorial for students'}]"," It is hereby notified that students appearing for MCA Integrated S1 (R) Exam Dec 2020 (2020 Scheme) and MCA (2 Year) S1 (R) Exam Dec 2020 can apply for change of exam centre through student login in KTU portal up to 07.04.2021, Wednesday. Please see the Guidelines before applying through portal.
                            			 		                            		 		                            		 	                            		 		
Guidelines - Centre change
                            		 		
                        				                        				                            				"
Mon Apr 05,"Exam centre change opened - B.Arch, B.Des and BHMCT S1 Dec 2020 exams","[{'url': 'https://ktu.edu.in/eu/att/attachments.htm?download=file&id=GydvXa1%2BjlHqQ%2B6Yof78bDcYeAkUsZ024Ou%2FYHQ5DjE%3D&announcementId=UN3had5raBFRZzDEMNz4tSng%2Fhr74trJuId%2B%2FnF87OA%3D&fileName=Notif-Centrechange-B.Arch,BHMCT,B.DesS1D20.pdf&downloadType=TBv5ut%2BU1OSK7yTqMh5wf8E988mLxMivKNeDymGhxps%3D', 'text': 'Notification'}, {'url': 'https://ktu.edu.in/eu/att/attachments.htm?download=file&id=7Y%2FVOse8A308Ug9AVbNO3zEpYXgPQsbMk59Sv1hKq7Y%3D&announcementId=tFV0EpbgH9ywZ7OjXrN%2BL29VjC7mIrI5ZiMs5Mv8u4s%3D&fileName=Guidelines-Examcentrechange(4)(3)(1).pdf&downloadType=FVApOvraLkGqpr4LtFCQ2n6sPGvr2T%2FqddZH5Qu48bI%3D', 'text': 'Guidelines - Centre change'}, {'url': 'https://ktu.edu.in/eu/att/attachments.htm?download=file&id=PyEle0Cjo5K%2FoAxJYFgY%2Bz5qUNCrMQlXVb9FNkezZtY%3D&announcementId=vIyumv7RdP5B0OQ6gRmJQojpWmbd6anMrGqMC3O%2BnaY%3D&fileName=KTU-CenterChangeStudentHelp(2)(1)(1).pdf&downloadType=%2BwTflmMum5%2BIMivm3Ggne45PwcAgUhiMzhj5GVMKF44%3D', 'text': 'Tutorial for students'}]"," It is hereby notified that students appearing for B.Arch, B.Des and BHMCT S1 Dec 2020 exams can apply for change of exam centre through student login in KTU portal up to 07.04.2021, Wednesday. Download the Notification for more details. Please see the Guidelines before applying through portal.
                            			 		                            		 		                            		 	                            		 		
                            		 		
                        				                        				                            				
                            			 		                            		 		                            		 	                            		 		
Guidelines - Centre change
                            		 		
                        				                        				                            				"
Sun Apr 04,NO class works/assessments/examinations be conducted in affiliated colleges on 5th and 6th of April 2021,"[{'url': 'https://ktu.edu.in/eu/att/attachments.htm?download=file&id=xFertxnjWqYYiPq8bsITJw7vcuBMYoKznQkdVsT1kBY%3D&announcementId=jJFO0YzQFKo%2Bu1UuAt%2FipAW5e1xMAR7FAUJuo6j2vD8%3D&fileName=KTU-AC1-217-2021(2).pdf&downloadType=axRf9PUwJ3iY4R8jVKnZYOEfg4nzg%2BfBKoe07N7zVYA%3D', 'text': 'Nofification'}]"," This is to inform all concerned that NO class works/assessments/examinations beconducted in affiliated colleges on 5th and 6th of April 2021. This is to facilitate all ourstudents to participate in the elections and cast their votes"
Sun Apr 04,"Detailed Time Table of MBA T5 (R,S) (including PT) and T8 (R) PT April 2021 Examinations & Detailed Time Table of MBA S1 Regular (2020 scheme) (including PT) March 2021 Examination - Notifications - reg","[{'url': 'https://ktu.edu.in/eu/att/attachments.htm?download=file&id=%2FL7FYoIICwvCJ4iFvwipWTI7mm5CNs8iz75%2FX%2Fm1jmI%3D&announcementId=MDwQG1de6CYsyhGu5%2Bu2URFRsOlkZiwRUNvNo5iCVdQ%3D&fileName=MBAT5TIMETABLE.pdf&downloadType=QUdA2eHOLpq7YuybdvkjscH0OTsCTGgQWIRfRiJIEM0%3D', 'text': 'MBA T5 TIME TABLE'}, {'url': 'https://ktu.edu.in/eu/att/attachments.htm?download=file&id=UwoX%2BQ0uzdIhVNCIzD%2F8jwSctLWkIVcsiGh7NgA2DNo%3D&announcementId=7lkOdBq6oUCeaqVkAqb9EmA06mlrwIVON2%2F5SGVWxfE%3D&fileName=MBAS1TIMETABLE.pdf&downloadType=pmChtjbzQa99J%2BLWB0HdpzOZrzs0ct3uh09A%2F96hvyA%3D', 'text': 'MBA S1 TIME TABLE'}]","                        				                        				                        				                            				
                            			 		                            		 		                            		 	                            		 		
                            		 		
                        				                        				                            				"
Fri Apr 02,Revised slot-wise schedule of first semester B.Arch/BHMCT/B.Des/M.Tech/M.Arch/M.Plan/MCA (Regular / Integrated) December 2020 and B.Tech S1 and S3 (2019 scheme) Examinations,"[{'url': 'https://ktu.edu.in/eu/att/attachments.htm?download=file&id=XQwNnFG2ElxI1OKvXHqI9%2Bdob4wZlKY7RnDAaQrEj3Y%3D&announcementId=kVhNle%2FbTHzu%2BzWFlqiivPSqd0IStHI6JQYlRz75q1o%3D&fileName=REVISEDSLOT-WISETTDEC2020.pdf&downloadType=InlPe5wg%2B%2Fu4xe8ohpITvo%2BObBWb15tM4xkcRczc%2BmA%3D', 'text': 'Revised Time Table'}]","                        				                        				                        				                            				"
Thu Apr 01,No change in lower semester B.Tech examinations commencing from 15th April,[]," It is to inform all concerned that, there will not be any change in the lower semester Regular B.Tech Examinations commencing from 15th of April 2021
                        				                        				                        			
"
Wed Mar 31,Result published - B.Arch S8 May 2020 Exam,"[{'url': 'https://ktu.edu.in/eu/att/attachments.htm?download=file&id=CpzPjVA8dmuH3jJ9k4JJuFLzkf5r8W%2F7qJMrmzD6z0A%3D&announcementId=qwECbfYa5hmbyj3CHfT9gBFUsC9A%2FXtaId2yvioRHsE%3D&fileName=Resultnotif-May2020Exam-B.ArchS8.pdf&downloadType=sCiJ0lV%2BCI3GFs6LNLiVXGkkOp8x%2Btv2DhQBwWzVHIk%3D', 'text': 'Notification'}]"," It is hereby notified that the result of B.Arch S8 Exam May 2020 is published. The detailed results are available under 'Results' tab of the University website and College login."
Wed Mar 31,Postponement of Slot E of B.Tech S3 Regular (2019 scheme) December 2020 examination (including Part- Time)- Reg:,"[{'url': 'https://ktu.edu.in/eu/att/attachments.htm?download=file&id=Reen0VwVxkGADdY%2Fxe3%2FV8WJMvniC3adGIN%2FGmBdrho%3D&announcementId=8%2FMoGZTKFDPsQHidmj4hkKWviIOI%2Bcl2LdD%2B7wMtuZY%3D&fileName=PostponementofSlotEofB.TechS3Regular(2019scheme)December2020examination(includingPartTime)-Reg.pdf&downloadType=w9PyeUzy4r84XAeQBAIz0RDVFuO9TDwe45ZqrbNAnv0%3D', 'text': 'Notification'}]"," I t is hereby notified to the attention of all concerned that t h e Slot E of B.Tech S3 Regular (2019scheme) December 2020 (including Part-Time) examinations scheduled on 28.04.2021, Wednesday stands postponed to29.04.2021, Thursday. The details are as shown below."
Tue Mar 30,Result published - MBA T6 (R) Exam May 2020 PT,"[{'url': 'https://ktu.edu.in/eu/att/attachments.htm?download=file&id=Asd7P%2BS2N25YK%2FTGQvK5wNz5yiNxj4GYkLxWfM7kQMc%3D&announcementId=rlWsjG6jNv3QLk5EraHfLiUZYkhrM8UA6Tz%2FjudtAQY%3D&fileName=KTU-EX-V3-5385-2018.pdf&downloadType=Wkp4oZFbNaUJ6H%2BaEGmOnKtBdG%2FJ2rX3yA%2FLJV4uJio%3D', 'text': 'Notification'}]"," The result of MBA T6 (R) Exam May 2020 PT is published herewith. Thedetailed result is available in student and college login."
Tue Mar 30,Result published - MCA (INT) S4 (S) Exam Sept 2020,"[{'url': 'https://ktu.edu.in/eu/att/attachments.htm?download=file&id=cJLysFmclwdj6L%2FhI7IDDW%2BbYebcs8gyStsU4%2F1JArY%3D&announcementId=br7thYxQXoKjiA1LAQDl8XaIggx9f3Jn%2BA%2F4N6vKFwA%3D&fileName=KTU-EX-V--3-2712-2019.pdf&downloadType=GMm4lnrZ3b%2BaFy%2FDEBv6WE6mhAMt8hEgrNYCTJvAAFo%3D', 'text': 'Notification'}]"," The result of MCA (INT) S4 (S) Exam Sept 2020 is published herewith. Thedetailed result is available in student and college login."
